{"he8nEVlI3GtwYq32UZs8ew==":"3rd-salon-2000x1333.jpg","yMY/acfFSYN/MIls1mdw/A==":"dsc01003-2000x1500.jpg","rDFTYHkqEZCiBwYUc95C9g==":"3rd-salon-1-2000x1333.jpg","k0AKYf24Fk5oWSTVOlH9Pg==":"img-2000x1333.jpg","Lgv6fAKQHqugy96L5cVUYQ==":"nate-106x160.jpg","qoGN92WsjQe5AFS4YHNrrw==":"nate-139x160.png","h5StqROXiHoqh9cgiHym9g==":"screen%20shot%202017-02-12%20at%2011-146x160.png","wzJUuaEq5Jn6cmJM7x4x7w==":"lixiaoli-icon-149x160.jpg","u8ga7vXdt7lLceYfKDzIBQ==":"mbr-1920x1059.jpg","u9DakPgryULbgOk2sLEpxg==":"mbr-1920x995.jpg","mFRJpwMfzD+i8uUj7cZDRg==":"gzj-533x800.jpg","C2iyuCeQ9eAQtOOW92yq5g==":"seminar4-1280x960.jpg","1fG6CupAADaLRefdpp/bUw==":"yuyansuo-salon-1280x719.jpg","11LrqRBgnSqYTRKyaSeW5Q==":"gzj-1-533x800.jpg","VREwX9nRqdeSQnyOwRrM8Q==":"gzj-2-533x800.jpg","UaGNXxcI7ocloJ/tOd8xPg==":"gzj-3-533x800.jpg","W1cSUZ6oMMUB3Rdx7WRsxA==":"tc-training-2000x1335.jpg","XKbsP+aQHRsNkq2o/CrFhw==":"seminar5-1400x1989.jpg","MCZlNcvBpVsySUjTLXrWiw==":"seminar9-2000x1384.png","sMbVsCd5Obm/8aTfAowRUQ==":"seminar7-1600x1066.jpg","iqb8q34Rbk7ehlFF7e/INA==":"ieee%20pcs%202017-1440x1080.jpg"}